,Log GDP per capita,Healthy life expectancy at birth,Perceptions of corruption,Confidence in national government,Democratic Quality,Delivery Quality
Cluster  0,0.8676818439759819,0.8905223956406992,0.21143962150290913,0.5537582544516995,0.8868189245221733,0.9406187987387211
Cluster  1,0.5678317189248442,0.6004679615517096,0.7671178841882784,0.531330517069899,0.42156368281602563,0.353882890902346
Cluster  2,0.34184798908794434,0.45477875936481327,0.5364280264229633,0.8839118732438733,0.342708426294686,0.3125581208855104
Cluster  3,0.5879953172670751,0.6540275886060746,0.8748360429545653,0.1922186078064008,0.5180381636118845,0.4035661595156163
Cluster  4,0.7642353902101146,0.8166046699505981,0.7815472298871857,0.30016700427421417,0.7802585297301163,0.7150433967419749
Cluster  5,0.21469899934463757,0.2556305350941446,0.786384832542682,0.5385605228228441,0.34667532058256,0.2482289179257281
